{"base_files_url": "https://raw.githubusercontent.com/MiSTerOrganize/MiSTerOrganize/bd3c1c0732d9420582e22e6dad40d061f70ea0fa/", "db_id": "MiSTerOrganize/MiSTerOrganize", "db_url": "https://raw.githubusercontent.com/MiSTerOrganize/MiSTerOrganize/db/db.json.zip", "files": {"MiSTer Organize/MiSTer_Console/MiSTer_Console (20250207) DAT.zip": {"hash": "46956e829091b7510ebaae12f7dacb0e", "size": 9162820, "tags": [16]}, "MiSTer Organize/MiSTer_Console/MiSTer_Console (20250207)/_Arcade/_alternatives/_NeoGeo Pocket/NeoGeo Pocket Color.mra": {"hash": "c5b719ae0c6563e7d583a1c76ba3fe49", "size": 2001, "tags": [16, 17, 18]}, "MiSTer Organize/MiSTer_Console/MiSTer_Console (20250207)/_Arcade/cores/jtngpc.rbf": {"hash": "bac2d66d56dc3e6584c757b535a5fcc2", "size": 3351396, "tags": [16, 19, 20]}, "MiSTer Organize/MiSTer_Console/MiSTer_Console (20250207)/_Console (autoboot)/NEC PC Engine.mgl": {"hash": "67ed9c24781f3af316feeb52ade0e8d0", "size": 152, "tags": [2, 16, 19, 21, 22]}, "MiSTer Organize/MiSTer_Console/MiSTer_Console (20250207)/_Console (autoboot)/Nintendo 64.mgl": {"hash": "7b85463ea145d970bf9e184d20da1e47", "size": 143, "tags": [16, 19, 21, 23, 24]}, "MiSTer Organize/MiSTer_Console/MiSTer_Console (20250207)/_Console (autoboot)/Nintendo GBA.mgl": {"hash": "41a9b4f534034beb8b436a40d80fd9bc", "size": 143, "tags": [10, 16, 19, 21, 26]}, "MiSTer Organize/MiSTer_Console/MiSTer_Console (20250207)/_Console (autoboot)/Nintendo Gameboy.mgl": {"hash": "8626bddb62b2fb8e2fd43706102d2b8a", "size": 146, "tags": [7, 16, 19, 21, 25]}, "MiSTer Organize/MiSTer_Console/MiSTer_Console (20250207)/_Console (autoboot)/Nintendo NES.mgl": {"hash": "e0b9c9bb7d47a4e4b01beea7c57b422e", "size": 143, "tags": [0, 16, 19, 21, 27]}, "MiSTer Organize/MiSTer_Console/MiSTer_Console (20250207)/_Console (autoboot)/Nintendo SNES.mgl": {"hash": "ee7b487cf4a7caddf06df54c995f3329", "size": 144, "tags": [1, 16, 19, 21, 28]}, "MiSTer Organize/MiSTer_Console/MiSTer_Console (20250207)/_Console (autoboot)/SEGA 32X.mgl": {"hash": "dcaf26ffdd59e4ef4cb897241e62fc7f", "size": 144, "tags": [16, 19, 21, 29, 30]}, "MiSTer Organize/MiSTer_Console/MiSTer_Console (20250207)/_Console (autoboot)/SEGA Genesis.mgl": {"hash": "6a1e9cc224a29cba55bf85dac433fc5e", "size": 148, "tags": [4, 16, 19, 21, 31]}, "MiSTer Organize/MiSTer_Console/MiSTer_Console (20250207)/_Console (autoboot)/SEGA Master System.mgl": {"hash": "559e3f227b3915000a2fe6dd0a8f7074", "size": 143, "tags": [6, 16, 19, 21, 32]}, "MiSTer Organize/MiSTer_Console/MiSTer_Console (20250207)/_Console/AY-3-8500_20220301.rbf": {"hash": "5cb258b2ca96ca42ed4921e60b3ca74f", "size": 2488112, "tags": [16, 19, 40]}, "MiSTer Organize/MiSTer_Console/MiSTer_Console (20250207)/_Console/AdventureVision_20220403.rbf": {"hash": "3664216a35f1cea279d974638f1b97fe", "size": 2549288, "tags": [16, 19, 33]}, "MiSTer Organize/MiSTer_Console/MiSTer_Console (20250207)/_Console/Arcadia_20211026.rbf": {"hash": "d7c9d5f5b1445778aea73796b61dd766", "size": 2498120, "tags": [16, 19, 34]}, "MiSTer Organize/MiSTer_Console/MiSTer_Console (20250207)/_Console/Astrocade_20240502.rbf": {"hash": "712867e4a554ea9f493002eb84180ea2", "size": 2750740, "tags": [16, 19, 35]}, "MiSTer Organize/MiSTer_Console/MiSTer_Console (20250207)/_Console/Atari 2600.mgl": {"hash": "28df61aeb073250b06af3de10d452d47", "size": 110, "tags": [16, 19, 21, 36, 37]}, "MiSTer Organize/MiSTer_Console/MiSTer_Console (20250207)/_Console/Atari5200_20240423.rbf": {"hash": "4588fed3c3fc04907e4175f54a937522", "size": 2936244, "tags": [16, 19, 38]}, "MiSTer Organize/MiSTer_Console/MiSTer_Console (20250207)/_Console/Atari7800_20240423.rbf": {"hash": "823e40c2f82133a2ac95374d3f31b4c4", "size": 3597648, "tags": [16, 19, 37]}, "MiSTer Organize/MiSTer_Console/MiSTer_Console (20250207)/_Console/AtariLynx_20240410.rbf": {"hash": "c25a64fa1a1939316c3a1c332bf5fafc", "size": 3119372, "tags": [16, 19, 39]}, "MiSTer Organize/MiSTer_Console/MiSTer_Console (20250207)/_Console/BBCBridgeCompanion_20250101.rbf": {"hash": "1ebe43ebbc1c8639d40cc6a533787d48", "size": 3387560, "tags": [16, 19, 41]}, "MiSTer Organize/MiSTer_Console/MiSTer_Console (20250207)/_Console/Casio_PV-1000_20241024.rbf": {"hash": "259ec969b157865a0c1b7c3798b15dad", "size": 2688340, "tags": [16, 19, 42]}, "MiSTer Organize/MiSTer_Console/MiSTer_Console (20250207)/_Console/ChannelF_20221229.rbf": {"hash": "991691b35c25d5236016cc54a1c154b3", "size": 2538512, "tags": [16, 19, 43]}, "MiSTer Organize/MiSTer_Console/MiSTer_Console (20250207)/_Console/ColecoVision_20240502.rbf": {"hash": "dc0e6ad84eb941f4f0fce3a5089a00e3", "size": 2797096, "tags": [16, 19, 44]}, "MiSTer Organize/MiSTer_Console/MiSTer_Console (20250207)/_Console/CreatiVision_20220814.rbf": {"hash": "3219ac20522513a143cbce978d500375", "size": 2816508, "tags": [16, 19, 45]}, "MiSTer Organize/MiSTer_Console/MiSTer_Console (20250207)/_Console/GBA2P_20220813.rbf": {"hash": "09194fd54cc5563342be55acf744fec6", "size": 4504400, "tags": [16, 19, 50, 51]}, "MiSTer Organize/MiSTer_Console/MiSTer_Console (20250207)/_Console/GBA_20240410.rbf": {"hash": "f7fc5febd79ffb63dd6bb5fc7b0ddeaf", "size": 4223184, "tags": [10, 16, 19]}, "MiSTer Organize/MiSTer_Console/MiSTer_Console (20250207)/_Console/Gamate_20220613.rbf": {"hash": "c5f2784ca5ba221a0636aba202c3770d", "size": 2738980, "tags": [16, 19, 46]}, "MiSTer Organize/MiSTer_Console/MiSTer_Console (20250207)/_Console/Game Gear.mgl": {"hash": "5551150c6dae02dc09621c617b1518ce", "size": 103, "tags": [6, 16, 19, 21, 47]}, "MiSTer Organize/MiSTer_Console/MiSTer_Console (20250207)/_Console/GameAndWatch_20230630.rbf": {"hash": "0e9a2dd421a781733d01816f430733ba", "size": 3155876, "tags": [16, 19, 48]}, "MiSTer Organize/MiSTer_Console/MiSTer_Console (20250207)/_Console/Gameboy2P_20240918.rbf": {"hash": "030dcfd94d789b96cedbf82ce4206582", "size": 3986372, "tags": [16, 19, 49, 50]}, "MiSTer Organize/MiSTer_Console/MiSTer_Console (20250207)/_Console/GameboyColor.mgl": {"hash": "7c0b7ad37089a6b3831aaafd0aec52df", "size": 102, "tags": [7, 8, 16, 19, 21]}, "MiSTer Organize/MiSTer_Console/MiSTer_Console (20250207)/_Console/Gameboy_20240912.rbf": {"hash": "de49760536757f2797261b90b72e284a", "size": 3831964, "tags": [7, 16, 19]}, "MiSTer Organize/MiSTer_Console/MiSTer_Console (20250207)/_Console/Genesis_20230224.rbf": {"hash": "14f73e3a489d7f410c6059303d935e7f", "size": 3745796, "tags": [4, 16, 19, 52]}, "MiSTer Organize/MiSTer_Console/MiSTer_Console (20250207)/_Console/GnW_20220606.rbf": {"hash": "183c490378b4cba8dd1298bd674b6424", "size": 2462680, "tags": [16, 19, 53]}, "MiSTer Organize/MiSTer_Console/MiSTer_Console (20250207)/_Console/Intellivision_20230310.rbf": {"hash": "48b85c8fbe5c939476ed15214785bd92", "size": 3320296, "tags": [16, 19, 54]}, "MiSTer Organize/MiSTer_Console/MiSTer_Console (20250207)/_Console/Mega Duck.mgl": {"hash": "0aafa7172f5d5d90a72e435e381704df", "size": 107, "tags": [7, 16, 19, 21, 55]}, "MiSTer Organize/MiSTer_Console/MiSTer_Console (20250207)/_Console/MegaDrive_20240408.rbf": {"hash": "cae06da4fb110bd5c81cb87598727f47", "size": 4287644, "tags": [4, 16, 19, 56]}, "MiSTer Organize/MiSTer_Console/MiSTer_Console (20250207)/_Console/MyVision_20230410.rbf": {"hash": "565d296bdb4dd9aad5ef71966a0807de", "size": 2740616, "tags": [16, 19, 57]}, "MiSTer Organize/MiSTer_Console/MiSTer_Console (20250207)/_Console/N64_20241109.rbf": {"hash": "e05af8d7e03f8c41d07ae47ae48bd15e", "size": 3831184, "tags": [16, 19, 24]}, "MiSTer Organize/MiSTer_Console/MiSTer_Console (20250207)/_Console/NES_20240912.rbf": {"hash": "52ca78b7b6ca69cb62004b1c5440d78d", "size": 3209160, "tags": [0, 16, 19]}, "MiSTer Organize/MiSTer_Console/MiSTer_Console (20250207)/_Console/NeoGeo_20250105.rbf": {"hash": "1df8448507e96879281d586647495954", "size": 3699080, "tags": [16, 19, 58]}, "MiSTer Organize/MiSTer_Console/MiSTer_Console (20250207)/_Console/Odyssey2_20210530.rbf": {"hash": "84028d95ba35c8ad1385361858f1a117", "size": 2861588, "tags": [16, 19, 59]}, "MiSTer Organize/MiSTer_Console/MiSTer_Console (20250207)/_Console/Pocket Challenge V2.mgl": {"hash": "c3e73e8541c14c3a436302c0da005828", "size": 119, "tags": [16, 19, 21, 60, 61]}, "MiSTer Organize/MiSTer_Console/MiSTer_Console (20250207)/_Console/PokemonMini_20231006.rbf": {"hash": "ae902ff02e8d16ae0f0c58268983ba87", "size": 2764148, "tags": [16, 19, 62]}, "MiSTer Organize/MiSTer_Console/MiSTer_Console (20250207)/_Console/S32X_20240418.rbf": {"hash": "a4add0a7daf390a20f59482813045a21", "size": 4191732, "tags": [16, 19, 30]}, "MiSTer Organize/MiSTer_Console/MiSTer_Console (20250207)/_Console/SGB_20241127.rbf": {"hash": "e39e5460ec59aacae1c3a83310f8ef3a", "size": 4112612, "tags": [9, 16, 19]}, "MiSTer Organize/MiSTer_Console/MiSTer_Console (20250207)/_Console/SMS_20240418.rbf": {"hash": "37f340234be66853e739b6a1c5a035a2", "size": 3326972, "tags": [6, 16, 19]}, "MiSTer Organize/MiSTer_Console/MiSTer_Console (20250207)/_Console/SNES_20241228.rbf": {"hash": "a9a00cb9ec2624a6591d262252891a34", "size": 4359776, "tags": [1, 16, 19]}, "MiSTer Organize/MiSTer_Console/MiSTer_Console (20250207)/_Console/SuperVision_20220612.rbf": {"hash": "91999e10f8cd40e829c3aa19c339f5a1", "size": 2751716, "tags": [16, 19, 64]}, "MiSTer Organize/MiSTer_Console/MiSTer_Console (20250207)/_Console/Super_Vision_8000_20230411.rbf": {"hash": "8d0f604a87ff130c4bbd41ec6337509a", "size": 2708796, "tags": [16, 19, 63]}, "MiSTer Organize/MiSTer_Console/MiSTer_Console (20250207)/_Console/TurboGrafx16_20240418.rbf": {"hash": "a19212bcc334041c8466ff20d2fd439a", "size": 4205912, "tags": [2, 16, 19]}, "MiSTer Organize/MiSTer_Console/MiSTer_Console (20250207)/_Console/VC4000_20211026.rbf": {"hash": "097d5e926a35dfd3e7e27fa660ca388f", "size": 2472740, "tags": [16, 19, 65]}, "MiSTer Organize/MiSTer_Console/MiSTer_Console (20250207)/_Console/Vectrex_20240524.rbf": {"hash": "b0feb2684e4b172d68e7b7fbfe11f878", "size": 3712928, "tags": [16, 19, 66]}, "MiSTer Organize/MiSTer_Console/MiSTer_Console (20250207)/_Console/WonderSwan Color.mgl": {"hash": "b02872484c777c38f00e632eb7c34222", "size": 117, "tags": [16, 19, 21, 61, 67]}, "MiSTer Organize/MiSTer_Console/MiSTer_Console (20250207)/_Console/WonderSwan_20240410.rbf": {"hash": "4a06b59c7f34b6e2a15de4f8dc10449d", "size": 3449580, "tags": [16, 19, 61]}, "MiSTer Organize/MiSTer_Console/MiSTer_Console (20250207)/_Other/Arduboy_20220301.rbf": {"hash": "217f7aa23d375dd5504e9c2db5040c4c", "size": 2667920, "tags": [16, 19, 68]}, "MiSTer Organize/MiSTer_Console/MiSTer_Console (20250207)/_Other/Chess_20240410.rbf": {"hash": "e9f2605826ddd4dafffc5ac353ce0d65", "size": 3711324, "tags": [16, 19, 69]}, "MiSTer Organize/MiSTer_Console/MiSTer_Console (20250207)/_Other/Chip8_20221106.rbf": {"hash": "e7fd4b1b5bbe6ce9698af71c643e9ce1", "size": 2515168, "tags": [16, 19, 70]}, "MiSTer Organize/MiSTer_Console/MiSTer_Console (20250207)/_Other/EpochGalaxyII_20200818.rbf": {"hash": "df57683730fc20282626023a414b8662", "size": 3266524, "tags": [16, 19, 72]}, "MiSTer Organize/MiSTer_Console/MiSTer_Console (20250207)/_Other/FlappyBird_20200402.rbf": {"hash": "1ac9e4b7a4cbf77b107ca072e22c009d", "size": 2519916, "tags": [16, 19, 73]}, "MiSTer Organize/MiSTer_Console/MiSTer_Console (20250207)/_Other/GBMidi_20240811.rbf": {"hash": "3e10abec4bce25684c675a7b03dd0758", "size": 3412260, "tags": [16, 19, 75]}, "MiSTer Organize/MiSTer_Console/MiSTer_Console (20250207)/_Other/GameOfLife_20200430.rbf": {"hash": "401248da5be6f6322220fdf9e7f2ec1a", "size": 3210568, "tags": [16, 19, 74]}, "MiSTer Organize/MiSTer_Console/MiSTer_Console (20250207)/_Other/GenMidi_20240817.rbf": {"hash": "b1c021b1d680d8f009df9d7ae65c86da", "size": 3704804, "tags": [16, 19, 76]}, "MiSTer Organize/MiSTer_Console/MiSTer_Console (20250207)/_Other/SlugCross_20240727.rbf": {"hash": "8d3b0b6f6da66788b39f9d3c3d4a2daa", "size": 2498892, "tags": [16, 19, 77]}, "MiSTer Organize/MiSTer_Console/MiSTer_Console (20250207)/_Other/Tamagotchi.mgl": {"hash": "54b26a7195323f63146443e3004a18b9", "size": 137, "tags": [16, 19, 21, 71]}, "MiSTer Organize/MiSTer_Console/MiSTer_Console (20250207)/_Other/TomyScramble_20200724.rbf": {"hash": "68dca17fb110f0c717dc2dc762186109", "size": 3312340, "tags": [16, 19, 78]}, "MiSTer Organize/MiSTer_Console/MiSTer_Console (20250207)/_Other/cores/Tamagotchi_20230427.rbf": {"hash": "5e7eb429f758c17bdc2c4afb8d9b74af", "size": 3276452, "tags": [16, 19, 71]}, "MiSTer Organize/MiSTer_Console/MiSTer_Console (20250207)/games/ATARI7800/Palettes.zip": {"hash": "5f92768dfafaccc80534b3ca87bf4dbb", "size": 152638, "tags": [16]}, "MiSTer Organize/MiSTer_Console/MiSTer_Console (20250207)/games/AVision/Palettes.zip": {"hash": "519590d52af2f388e09bbb6115d2678c", "size": 143420, "tags": [16]}, "MiSTer Organize/MiSTer_Console/MiSTer_Console (20250207)/games/Astrocade/boot.rom": {"hash": "7d25a26e5c4841b364cfe6b1735eaf03", "overwrite": false, "size": 8192, "tags": [16]}, "MiSTer Organize/MiSTer_Console/MiSTer_Console (20250207)/games/Atari2600/Palettes.zip": {"hash": "5f92768dfafaccc80534b3ca87bf4dbb", "size": 152638, "tags": [16]}, "MiSTer Organize/MiSTer_Console/MiSTer_Console (20250207)/games/AtariLynx/boot.rom": {"hash": "fcd403db69f54290b51035d82f835e7b", "overwrite": false, "size": 512, "tags": [16]}, "MiSTer Organize/MiSTer_Console/MiSTer_Console (20250207)/games/Chip8/README.md": {"hash": "f0b42daf84a1f304b3b5928261c606ea", "size": 1639, "tags": [16]}, "MiSTer Organize/MiSTer_Console/MiSTer_Console (20250207)/games/CreatiVision/boot.rom": {"hash": "4dfadfb1158f84e2df2b85b13f303986", "overwrite": false, "size": 16384, "tags": [16]}, "MiSTer Organize/MiSTer_Console/MiSTer_Console (20250207)/games/EpochGalaxyII/boot.rom": {"hash": "1392848cf5af73d87c02fc67216d5881", "overwrite": false, "size": 616448, "tags": [16]}, "MiSTer Organize/MiSTer_Console/MiSTer_Console (20250207)/games/GAMEBOY/Borders.zip": {"hash": "71afce418c0a38045d0352bc047e38cf", "size": 3649552, "tags": [16]}, "MiSTer Organize/MiSTer_Console/MiSTer_Console (20250207)/games/GAMEBOY/Palettes.zip": {"hash": "519590d52af2f388e09bbb6115d2678c", "size": 143420, "tags": [16]}, "MiSTer Organize/MiSTer_Console/MiSTer_Console (20250207)/games/GAMEBOY/boot1.rom": {"hash": "dbfce9db9deaa2567f6a84fde55f9680", "overwrite": false, "size": 2304, "tags": [16]}, "MiSTer Organize/MiSTer_Console/MiSTer_Console (20250207)/games/GAMEBOY/mister-boot.gb": {"hash": "4cdf301d898ba7e87e086879d46fa1f5", "size": 32768, "tags": [16]}, "MiSTer Organize/MiSTer_Console/MiSTer_Console (20250207)/games/GAMEBOY2P/Palettes.zip": {"hash": "519590d52af2f388e09bbb6115d2678c", "size": 143420, "tags": [16]}, "MiSTer Organize/MiSTer_Console/MiSTer_Console (20250207)/games/GBA/boot.rom": {"hash": "a860e8c0b6d573d191e4ec7db1b1e4f6", "overwrite": false, "size": 16384, "tags": [16]}, "MiSTer Organize/MiSTer_Console/MiSTer_Console (20250207)/games/GBA/mister-boot.gba": {"hash": "52b04e81635c1beb586af88eb5e2187e", "size": 20800, "tags": [16]}, "MiSTer Organize/MiSTer_Console/MiSTer_Console (20250207)/games/GBC/Borders.zip": {"hash": "71afce418c0a38045d0352bc047e38cf", "size": 3649552, "tags": [16]}, "MiSTer Organize/MiSTer_Console/MiSTer_Console (20250207)/games/GBC/Palettes.zip": {"hash": "519590d52af2f388e09bbb6115d2678c", "size": 143420, "tags": [16]}, "MiSTer Organize/MiSTer_Console/MiSTer_Console (20250207)/games/Gamate/Palettes.zip": {"hash": "519590d52af2f388e09bbb6115d2678c", "size": 143420, "tags": [16]}, "MiSTer Organize/MiSTer_Console/MiSTer_Console (20250207)/games/Gamate/boot.rom": {"hash": "ef67993a94503c4b7798b5901c7dda52", "overwrite": false, "size": 4096, "tags": [16]}, "MiSTer Organize/MiSTer_Console/MiSTer_Console (20250207)/games/GameOfLife/README.md": {"hash": "b91b44a5f71daaa082a4f583e76cb4d3", "size": 6493, "tags": [16]}, "MiSTer Organize/MiSTer_Console/MiSTer_Console (20250207)/games/Intellivision/boot0.rom": {"hash": "62e761035cb657903761800f4437b8af", "overwrite": false, "size": 8192, "tags": [16]}, "MiSTer Organize/MiSTer_Console/MiSTer_Console (20250207)/games/Intellivision/boot1.rom": {"hash": "0cd5946c6473e42e8e4c2137785e427f", "overwrite": false, "size": 2048, "tags": [16]}, "MiSTer Organize/MiSTer_Console/MiSTer_Console (20250207)/games/Intellivision/boot2.rom": {"hash": "d5530f74681ec6e0f282dab42e6b1c5f", "size": 2048, "tags": [16]}, "MiSTer Organize/MiSTer_Console/MiSTer_Console (20250207)/games/Intellivision/boot3.rom": {"hash": "2e72a9a2b897d330a35c8b07a6146c52", "size": 24576, "tags": [16]}, "MiSTer Organize/MiSTer_Console/MiSTer_Console (20250207)/games/MegaDrive/mister-boot.md": {"hash": "db6cabad069010368214b032d714efe5", "size": 131072, "tags": [16]}, "MiSTer Organize/MiSTer_Console/MiSTer_Console (20250207)/games/MegaDuck/Borders.zip": {"hash": "71afce418c0a38045d0352bc047e38cf", "size": 3649552, "tags": [16]}, "MiSTer Organize/MiSTer_Console/MiSTer_Console (20250207)/games/MegaDuck/Palettes.zip": {"hash": "519590d52af2f388e09bbb6115d2678c", "size": 143420, "tags": [16]}, "MiSTer Organize/MiSTer_Console/MiSTer_Console (20250207)/games/N64/N64-database.txt": {"hash": "5f912d7695cf4adeeadf6ca4add44ed2", "size": 92250, "tags": [16]}, "MiSTer Organize/MiSTer_Console/MiSTer_Console (20250207)/games/N64/boot.rom": {"hash": "5c124e7948ada85da603a522782940d0", "overwrite": false, "size": 1984, "tags": [16]}, "MiSTer Organize/MiSTer_Console/MiSTer_Console (20250207)/games/N64/boot1.rom": {"hash": "d4232dc935cad0650ac2664d52281f3a", "overwrite": false, "size": 1984, "tags": [16]}, "MiSTer Organize/MiSTer_Console/MiSTer_Console (20250207)/games/N64/mister-boot.z64": {"hash": "3f32ee03ff43cde1f66817969ab4da3f", "size": 1052672, "tags": [16]}, "MiSTer Organize/MiSTer_Console/MiSTer_Console (20250207)/games/NEOGEO/000-lo.lo": {"hash": "fc7599f3f871578fe9a0453662d1c966", "size": 131072, "tags": [16]}, "MiSTer Organize/MiSTer_Console/MiSTer_Console (20250207)/games/NEOGEO/neo-epo.sp1": {"hash": "b11751ad42879c461d64ad2b7b2b0129", "size": 131072, "tags": [16]}, "MiSTer Organize/MiSTer_Console/MiSTer_Console (20250207)/games/NEOGEO/romsets.xml": {"hash": "54c4141dac313002beef038e32edc428", "size": 40596, "tags": [16]}, "MiSTer Organize/MiSTer_Console/MiSTer_Console (20250207)/games/NEOGEO/sfix.sfix": {"hash": "aa2b5d0eae4158ffc0d7d63481c7830b", "size": 131072, "tags": [16]}, "MiSTer Organize/MiSTer_Console/MiSTer_Console (20250207)/games/NEOGEO/sp-s2.sp1": {"hash": "2968f59f44bf328639aa79391aeeeab4", "size": 131072, "tags": [16]}, "MiSTer Organize/MiSTer_Console/MiSTer_Console (20250207)/games/NEOGEO/uni-bios.rom": {"hash": "4f0aeda8d2d145f596826b62d563c4ef", "size": 131072, "tags": [16]}, "MiSTer Organize/MiSTer_Console/MiSTer_Console (20250207)/games/NES/Palettes.zip": {"hash": "4a1ce5b9e3301c9f134ed070adec963f", "size": 90004, "tags": [16]}, "MiSTer Organize/MiSTer_Console/MiSTer_Console (20250207)/games/NES/boot0.rom": {"hash": "ca30b50f880eb660a320674ed365ef7a", "overwrite": false, "size": 8192, "tags": [16]}, "MiSTer Organize/MiSTer_Console/MiSTer_Console (20250207)/games/NES/mister-boot.nes": {"hash": "a7e23a042d97b5659742d002f76fa503", "size": 262160, "tags": [16]}, "MiSTer Organize/MiSTer_Console/MiSTer_Console (20250207)/games/S32X/mister-boot.32x": {"hash": "ebd43a0ffc4c55612857493d6f9256dc", "size": 262144, "tags": [16]}, "MiSTer Organize/MiSTer_Console/MiSTer_Console (20250207)/games/SGB/Super Game Boy 2.sfc": {"hash": "8ecd73eb4edf7ed7e81aef1be80031d5", "size": 524288, "tags": [16]}, "MiSTer Organize/MiSTer_Console/MiSTer_Console (20250207)/games/SGB/Super Game Boy.sfc": {"hash": "b15ddb15721c657d82c5bab6db982ee9", "size": 262144, "tags": [16]}, "MiSTer Organize/MiSTer_Console/MiSTer_Console (20250207)/games/SMS/mister-boot.sms": {"hash": "f5535d9934332f52d5760a403547057d", "size": 32768, "tags": [16]}, "MiSTer Organize/MiSTer_Console/MiSTer_Console (20250207)/games/SNES/bsx_bios.rom": {"hash": "96cf17bf589fcbfa6f8de2dc84f19fa2", "size": 1048576, "tags": [16]}, "MiSTer Organize/MiSTer_Console/MiSTer_Console (20250207)/games/SNES/mister-boot.sfc": {"hash": "8bbf9ff1db725b5d96ec8f001467494e", "size": 262144, "tags": [16]}, "MiSTer Organize/MiSTer_Console/MiSTer_Console (20250207)/games/SuperVision/Palettes.zip": {"hash": "519590d52af2f388e09bbb6115d2678c", "size": 143420, "tags": [16]}, "MiSTer Organize/MiSTer_Console/MiSTer_Console (20250207)/games/TGFX16/mister-boot.pce": {"hash": "8c66c17a94a8fffa95abd611092079ed", "size": 131072, "tags": [16]}, "MiSTer Organize/MiSTer_Console/MiSTer_Console (20250207)/games/Tamagotchi/README.md": {"hash": "b726585513fbae552d4c8d798023af93", "size": 212, "tags": [16]}, "MiSTer Organize/MiSTer_Console/MiSTer_Console (20250207)/games/Tamagotchi/background_gen2.bin": {"hash": "8c4bb0f6921828d47948eccfa538ed2c", "size": 259200, "tags": [16]}, "MiSTer Organize/MiSTer_Console/MiSTer_Console (20250207)/games/Tamagotchi/boot1.rom": {"hash": "02f93e5fc224045d2213b5e0fe87f58b", "overwrite": false, "size": 259200, "tags": [16]}, "MiSTer Organize/MiSTer_Console/MiSTer_Console (20250207)/games/Tamagotchi/boot2.rom": {"hash": "e37f7d2c0e555660e258ac13b1f4c780", "size": 20000, "tags": [16]}, "MiSTer Organize/MiSTer_Console/MiSTer_Console (20250207)/games/Tamagotchi/rom.bin": {"hash": "3fce172403c27274e59723bbb9f6d8e9", "size": 12288, "tags": [16]}, "MiSTer Organize/MiSTer_Console/MiSTer_Console (20250207)/games/TomyScramble/boot.rom": {"hash": "9416f3b9b15d0ffbab2ae0cba1cdb5de", "overwrite": false, "size": 616448, "tags": [16]}, "MiSTer Organize/MiSTer_Console/MiSTer_Console (20250207)/games/VECTREX/Overlays.zip": {"hash": "51b57781e7ee5c02a9a7aeff0586d2be", "size": 3340375, "tags": [16]}, "MiSTer Organize/MiSTer_Console/MiSTer_Console (20250207)/games/WonderSwan/boot.rom": {"hash": "54b915694731cc22e07d3fb8a00ee2db", "overwrite": false, "size": 4096, "tags": [16]}, "MiSTer Organize/MiSTer_Console/MiSTer_Console (20250207)/games/WonderSwan/boot1.rom": {"hash": "880893bd5a7d53fff826bd76a83d566e", "overwrite": false, "size": 8192, "tags": [16]}, "MiSTer Organize/MiSTer_Console/MiSTer_Console (20250207)/games/mame/jtbeta/beta.bin": {"hash": "c6a4be95256a59cbf8cdd01b7c2a6e70", "size": 4, "tags": [16]}, "MiSTer Organize/MiSTer_Console/MiSTer_Console (20250207)/saves/NEOGEO/V-Liner (set 1) (vliner).sav": {"hash": "ab279656cebf2062f8cf1d11b151ffe7", "size": 73728, "tags": [16]}, "MiSTer Organize/MiSTer_Console/MiSTer_Console (20250207)/saves/NEOGEO/V-Liner (set 2) (vlinero).sav": {"hash": "2f8ae7d9ea40d7ea7066cf09d86f6bcb", "size": 73728, "tags": [16]}, "MiSTer Organize/MiSTer_Console/MiSTer_Console (20250207)/saves/NES/Akumajou Special - Boku Dracula-kun (World) (Ja) (Castlevania Anniversary Collection).sav": {"hash": "dce27edb434d238613f928daa5c50632", "size": 8192, "tags": [16]}, "MiSTer Organize/MiSTer_Console/MiSTer_Console (20250207)/saves/NES/Kid Dracula (World) (Castlevania Anniversary Collection).sav": {"hash": "dce27edb434d238613f928daa5c50632", "size": 8192, "tags": [16]}, "MiSTer Organize/MiSTer_Console/MiSTer_Console (20250207)/saves/TGFX16/Ten no Koe Bank (Japan).sav": {"hash": "badf6d210cb0f7414e484dcc5b10041a", "size": 2048, "tags": [16]}, "MiSTer Organize/MiSTer_Console/MiSTer_Console Sources.txt": {"hash": "473b167e89deff006f3e66abc9bd4b0e", "size": 1240, "tags": [16]}, "MiSTer Organize/MiSTer_Console/Snapshot of MiSTer_Console (20250207).html": {"hash": "56cac225940046a8c7ecdf731e0f67e3", "size": 8456645, "tags": [16]}, "MiSTer Organize/RomVault Basic Setup/RomVault Basic Setup.zip": {"hash": "c0366074a9a5349c1a985b5ef60e0c08", "size": 1626725, "tags": [16]}, "MiSTer Organize/RomVault Basic Setup/RomVault Instructions.txt": {"hash": "ee4ea88bf93c95829f6c73b1ccf06f72", "size": 317, "tags": [16]}}, "folders": {"MiSTer Organize": {"tags": [16]}, "MiSTer Organize/MiSTer_Console": {"tags": [16, 79]}, "MiSTer Organize/MiSTer_Console/MiSTer_Console (20250207)": {"tags": [16, 79]}, "MiSTer Organize/MiSTer_Console/MiSTer_Console (20250207)/_Arcade": {"tags": [16, 79]}, "MiSTer Organize/MiSTer_Console/MiSTer_Console (20250207)/_Arcade/_alternatives": {"tags": [16, 79]}, "MiSTer Organize/MiSTer_Console/MiSTer_Console (20250207)/_Arcade/_alternatives/_NeoGeo Pocket": {"tags": [16, 79]}, "MiSTer Organize/MiSTer_Console/MiSTer_Console (20250207)/_Arcade/cores": {"tags": [16, 79]}, "MiSTer Organize/MiSTer_Console/MiSTer_Console (20250207)/_Console": {"tags": [16, 79]}, "MiSTer Organize/MiSTer_Console/MiSTer_Console (20250207)/_Console (autoboot)": {"tags": [16, 79]}, "MiSTer Organize/MiSTer_Console/MiSTer_Console (20250207)/_Other": {"tags": [16, 79]}, "MiSTer Organize/MiSTer_Console/MiSTer_Console (20250207)/_Other/cores": {"tags": [16, 79]}, "MiSTer Organize/MiSTer_Console/MiSTer_Console (20250207)/games": {"tags": [16, 79]}, "MiSTer Organize/MiSTer_Console/MiSTer_Console (20250207)/games/ATARI7800": {"tags": [16, 79]}, "MiSTer Organize/MiSTer_Console/MiSTer_Console (20250207)/games/AVision": {"tags": [16, 79]}, "MiSTer Organize/MiSTer_Console/MiSTer_Console (20250207)/games/Astrocade": {"tags": [16, 79]}, "MiSTer Organize/MiSTer_Console/MiSTer_Console (20250207)/games/Atari2600": {"tags": [16, 79]}, "MiSTer Organize/MiSTer_Console/MiSTer_Console (20250207)/games/AtariLynx": {"tags": [16, 79]}, "MiSTer Organize/MiSTer_Console/MiSTer_Console (20250207)/games/Chip8": {"tags": [16, 79]}, "MiSTer Organize/MiSTer_Console/MiSTer_Console (20250207)/games/CreatiVision": {"tags": [16, 79]}, "MiSTer Organize/MiSTer_Console/MiSTer_Console (20250207)/games/EpochGalaxyII": {"tags": [16, 79]}, "MiSTer Organize/MiSTer_Console/MiSTer_Console (20250207)/games/GAMEBOY": {"tags": [16, 79]}, "MiSTer Organize/MiSTer_Console/MiSTer_Console (20250207)/games/GAMEBOY2P": {"tags": [16, 79]}, "MiSTer Organize/MiSTer_Console/MiSTer_Console (20250207)/games/GBA": {"tags": [16, 79]}, "MiSTer Organize/MiSTer_Console/MiSTer_Console (20250207)/games/GBC": {"tags": [16, 79]}, "MiSTer Organize/MiSTer_Console/MiSTer_Console (20250207)/games/Gamate": {"tags": [16, 79]}, "MiSTer Organize/MiSTer_Console/MiSTer_Console (20250207)/games/GameOfLife": {"tags": [16, 79]}, "MiSTer Organize/MiSTer_Console/MiSTer_Console (20250207)/games/Intellivision": {"tags": [16, 79]}, "MiSTer Organize/MiSTer_Console/MiSTer_Console (20250207)/games/MegaDrive": {"tags": [16, 79]}, "MiSTer Organize/MiSTer_Console/MiSTer_Console (20250207)/games/MegaDuck": {"tags": [16, 79]}, "MiSTer Organize/MiSTer_Console/MiSTer_Console (20250207)/games/N64": {"tags": [16, 79]}, "MiSTer Organize/MiSTer_Console/MiSTer_Console (20250207)/games/NEOGEO": {"tags": [16, 79]}, "MiSTer Organize/MiSTer_Console/MiSTer_Console (20250207)/games/NES": {"tags": [16, 79]}, "MiSTer Organize/MiSTer_Console/MiSTer_Console (20250207)/games/S32X": {"tags": [16, 79]}, "MiSTer Organize/MiSTer_Console/MiSTer_Console (20250207)/games/SGB": {"tags": [16, 79]}, "MiSTer Organize/MiSTer_Console/MiSTer_Console (20250207)/games/SMS": {"tags": [16, 79]}, "MiSTer Organize/MiSTer_Console/MiSTer_Console (20250207)/games/SNES": {"tags": [16, 79]}, "MiSTer Organize/MiSTer_Console/MiSTer_Console (20250207)/games/SuperVision": {"tags": [16, 79]}, "MiSTer Organize/MiSTer_Console/MiSTer_Console (20250207)/games/TGFX16": {"tags": [16, 79]}, "MiSTer Organize/MiSTer_Console/MiSTer_Console (20250207)/games/Tamagotchi": {"tags": [16, 79]}, "MiSTer Organize/MiSTer_Console/MiSTer_Console (20250207)/games/TomyScramble": {"tags": [16, 79]}, "MiSTer Organize/MiSTer_Console/MiSTer_Console (20250207)/games/VECTREX": {"tags": [16, 79]}, "MiSTer Organize/MiSTer_Console/MiSTer_Console (20250207)/games/WonderSwan": {"tags": [16, 79]}, "MiSTer Organize/MiSTer_Console/MiSTer_Console (20250207)/games/mame": {"tags": [16, 79]}, "MiSTer Organize/MiSTer_Console/MiSTer_Console (20250207)/games/mame/jtbeta": {"tags": [16, 79]}, "MiSTer Organize/MiSTer_Console/MiSTer_Console (20250207)/saves": {"tags": [16, 79]}, "MiSTer Organize/MiSTer_Console/MiSTer_Console (20250207)/saves/NEOGEO": {"tags": [16, 79]}, "MiSTer Organize/MiSTer_Console/MiSTer_Console (20250207)/saves/NES": {"tags": [16, 79]}, "MiSTer Organize/MiSTer_Console/MiSTer_Console (20250207)/saves/TGFX16": {"tags": [16, 79]}, "MiSTer Organize/RomVault Basic Setup": {"tags": [16, 80]}}, "tag_dictionary": {"adventurevision": 33, "arcadejtngpc": 18, "arcadia": 34, "arduboy": 68, "astrocade": 35, "atari2600": 36, "atari5200": 38, "atari7800": 37, "atarilynx": 39, "ay38500": 40, "bbcbridgecompanion": 41, "casiopv1000": 42, "channelf": 43, "chess": 69, "chip8": 70, "colecovision": 44, "cores": 19, "creativision": 45, "epochgalaxyii": 72, "famicom": 0, "flappybird": 73, "gamate": 46, "gameandwatch": 48, "gameboy": 7, "gameboy2p": 49, "gameboyadvance": 10, "gameboycolor": 8, "gamegear": 47, "gameoflife": 74, "gb": 7, "gba": 10, "gba2p": 51, "gbc": 8, "gbmidi": 75, "genesis": 4, "genesiscore": 52, "genmidi": 76, "gnw": 53, "handheld2p": 50, "intellivision": 54, "jtngpc": 20, "mastersystem": 6, "megadrive": 4, "megadrivecore": 56, "megaduck": 55, "mgl": 21, "misterconsole": 79, "misterorganize": 16, "mra": 17, "myvision": 57, "n64": 24, "necpcengine": 22, "neogeo": 58, "nes": 0, "nintendo": 0, "nintendo64": 23, "nintendogameboy": 25, "nintendogba": 26, "nintendones": 27, "nintendosnes": 28, "odyssey2": 59, "pcengine": 2, "pocketchallengev2": 60, "pokemonmini": 62, "romvaultbasicsetup": 80, "s32x": 30, "sega32x": 29, "segagenesis": 31, "segamark3": 6, "segamastersystem": 32, "sgb": 9, "slugcross": 77, "sms": 6, "snes": 1, "sufami": 1, "superfamicom": 1, "supergameboy": 9, "supernes": 1, "supernintendo": 1, "supervision": 64, "supervision8000": 63, "tamagotchi": 71, "tgfx16": 2, "tomyscramble": 78, "turbografx": 2, "turbografx16": 2, "vc4000": 65, "vectrex": 66, "wonderswan": 61, "wonderswancolor": 67}, "timestamp": 1739500196}