<?xml version="1.0" encoding="utf-8"?>
<Settings xmlns:xsd="http://www.w3.org/2001/XMLSchema" xmlns:xsi="http://www.w3.org/2001/XMLSchema-instance">
  <FilesOnly>false</FilesOnly>
  <DatRoot>DatRoot</DatRoot>
  <CacheFile>RomVault3_3.Cache</CacheFile>
  <FixLevel>Level2</FixLevel>
  <DatRules>
    <DatRule>
      <DirKey>RomVault</DirKey>
      <Compression>Dir</Compression>
      <CompressionOverrideDAT>false</CompressionOverrideDAT>
      <CompressionSub>None</CompressionSub>
      <ConvertWhileFixing>true</ConvertWhileFixing>
      <Merge>None</Merge>
      <Filter>KeepAll</Filter>
      <HeaderType>Optional</HeaderType>
      <MergeOverrideDAT>false</MergeOverrideDAT>
      <SingleArchive>true</SingleArchive>
      <SubDirType>KeepAllSubDirs</SubDirType>
      <MultiDATDirOverride>false</MultiDATDirOverride>
      <UseDescriptionAsDirName>false</UseDescriptionAsDirName>
      <UseIdForName>false</UseIdForName>
      <CompleteOnly>false</CompleteOnly>
      <IgnoreFiles />
      <AddCategorySubDirs>false</AddCategorySubDirs>
    </DatRule>
  </DatRules>
  <DirMappings>
    <DirMapping>
      <DirKey>RomVault</DirKey>
      <DirPath>RomRoot</DirPath>
    </DirMapping>
  </DirMappings>
  <IgnoreFiles />
  <EInfo />
  <DoubleCheckDelete>true</DoubleCheckDelete>
  <DebugLogsEnabled>false</DebugLogsEnabled>
  <DetailedFixReporting>true</DetailedFixReporting>
  <CacheSaveTimerEnabled>true</CacheSaveTimerEnabled>
  <CacheSaveTimePeriod>10</CacheSaveTimePeriod>
  <chkBoxShowComplete>true</chkBoxShowComplete>
  <chkBoxShowPartial>true</chkBoxShowPartial>
  <chkBoxShowEmpty>true</chkBoxShowEmpty>
  <chkBoxShowFixes>true</chkBoxShowFixes>
  <chkBoxShowMIA>true</chkBoxShowMIA>
  <chkBoxShowMerged>false</chkBoxShowMerged>
  <MIAAnon>false</MIAAnon>
  <MIACallback>true</MIACallback>
  <DoNotReportFeedback>false</DoNotReportFeedback>
  <DeleteOldCueFiles>false</DeleteOldCueFiles>
  <zstdCompCount>0</zstdCompCount>
  <sevenZDefaultStruct>3</sevenZDefaultStruct>
</Settings>